{
    "read_files": "[ fastq/6h_DMSO_rep2.fastq.gz ]",
    "expected_format": "SF",
    "compatible_fragment_ratio": 1.0,
    "num_compatible_fragments": 18956404,
    "num_assigned_fragments": 18956404,
    "num_frags_with_concordant_consistent_mappings": 18956155,
    "num_frags_with_inconsistent_or_orphan_mappings": 667,
    "strand_mapping_bias": 0.999964814777498,
    "MSF": 0,
    "OSF": 0,
    "ISF": 0,
    "MSR": 0,
    "OSR": 0,
    "ISR": 0,
    "SF": 18956155,
    "SR": 667,
    "MU": 0,
    "OU": 0,
    "IU": 0,
    "U": 0
}