{
    "read_files": "[ fastq/120h_DMSO_rep2.fastq.gz ]",
    "expected_format": "SF",
    "compatible_fragment_ratio": 1.0,
    "num_compatible_fragments": 18036293,
    "num_assigned_fragments": 18036293,
    "num_frags_with_concordant_consistent_mappings": 18034951,
    "num_frags_with_inconsistent_or_orphan_mappings": 1742,
    "strand_mapping_bias": 0.999903419102382,
    "MSF": 0,
    "OSF": 0,
    "ISF": 0,
    "MSR": 0,
    "OSR": 0,
    "ISR": 0,
    "SF": 18034951,
    "SR": 1742,
    "MU": 0,
    "OU": 0,
    "IU": 0,
    "U": 0
}