{
    "read_files": "[ fastq/120h_DMSO_rep1.fastq.gz ]",
    "expected_format": "SF",
    "compatible_fragment_ratio": 1.0,
    "num_compatible_fragments": 17422504,
    "num_assigned_fragments": 17422504,
    "num_frags_with_concordant_consistent_mappings": 17421621,
    "num_frags_with_inconsistent_or_orphan_mappings": 1247,
    "strand_mapping_bias": 0.9999284273978314,
    "MSF": 0,
    "OSF": 0,
    "ISF": 0,
    "MSR": 0,
    "OSR": 0,
    "ISR": 0,
    "SF": 17421621,
    "SR": 1247,
    "MU": 0,
    "OU": 0,
    "IU": 0,
    "U": 0
}