{
    "read_files": "[ fastq/120h_treated_rep1.fastq.gz ]",
    "expected_format": "SF",
    "compatible_fragment_ratio": 1.0,
    "num_compatible_fragments": 17670948,
    "num_assigned_fragments": 17670948,
    "num_frags_with_concordant_consistent_mappings": 17670177,
    "num_frags_with_inconsistent_or_orphan_mappings": 1222,
    "strand_mapping_bias": 0.9999308487120913,
    "MSF": 0,
    "OSF": 0,
    "ISF": 0,
    "MSR": 0,
    "OSR": 0,
    "ISR": 0,
    "SF": 17670177,
    "SR": 1222,
    "MU": 0,
    "OU": 0,
    "IU": 0,
    "U": 0
}