{
    "read_files": "[ fastq/72h_DMSO_rep2.fastq.gz ]",
    "expected_format": "SF",
    "compatible_fragment_ratio": 1.0,
    "num_compatible_fragments": 33305201,
    "num_assigned_fragments": 33305201,
    "num_frags_with_concordant_consistent_mappings": 33304957,
    "num_frags_with_inconsistent_or_orphan_mappings": 621,
    "strand_mapping_bias": 0.9999813544746168,
    "MSF": 0,
    "OSF": 0,
    "ISF": 0,
    "MSR": 0,
    "OSR": 0,
    "ISR": 0,
    "SF": 33304957,
    "SR": 621,
    "MU": 0,
    "OU": 0,
    "IU": 0,
    "U": 0
}