{
    "read_files": "[ fastq/72h_DMSO_rep1.fastq.gz ]",
    "expected_format": "SF",
    "compatible_fragment_ratio": 1.0,
    "num_compatible_fragments": 25013035,
    "num_assigned_fragments": 25013035,
    "num_frags_with_concordant_consistent_mappings": 25012806,
    "num_frags_with_inconsistent_or_orphan_mappings": 636,
    "strand_mapping_bias": 0.9999745736712284,
    "MSF": 0,
    "OSF": 0,
    "ISF": 0,
    "MSR": 0,
    "OSR": 0,
    "ISR": 0,
    "SF": 25012806,
    "SR": 636,
    "MU": 0,
    "OU": 0,
    "IU": 0,
    "U": 0
}