{
    "read_files": "[ fastq/72h_treated_rep1.fastq.gz ]",
    "expected_format": "SF",
    "compatible_fragment_ratio": 1.0,
    "num_compatible_fragments": 18807968,
    "num_assigned_fragments": 18807968,
    "num_frags_with_concordant_consistent_mappings": 18807323,
    "num_frags_with_inconsistent_or_orphan_mappings": 1067,
    "strand_mapping_bias": 0.9999432699981232,
    "MSF": 0,
    "OSF": 0,
    "ISF": 0,
    "MSR": 0,
    "OSR": 0,
    "ISR": 0,
    "SF": 18807323,
    "SR": 1067,
    "MU": 0,
    "OU": 0,
    "IU": 0,
    "U": 0
}