{
    "read_files": "[ fastq/6h_treated_rep2.fastq.gz ]",
    "expected_format": "SF",
    "compatible_fragment_ratio": 1.0,
    "num_compatible_fragments": 31340416,
    "num_assigned_fragments": 31340416,
    "num_frags_with_concordant_consistent_mappings": 31340209,
    "num_frags_with_inconsistent_or_orphan_mappings": 608,
    "strand_mapping_bias": 0.9999806003780948,
    "MSF": 0,
    "OSF": 0,
    "ISF": 0,
    "MSR": 0,
    "OSR": 0,
    "ISR": 0,
    "SF": 31340209,
    "SR": 608,
    "MU": 0,
    "OU": 0,
    "IU": 0,
    "U": 0
}