{
    "salmon_version": "1.2.1",
    "samp_type": "none",
    "opt_type": "vb",
    "quant_errors": [],
    "num_libraries": 1,
    "library_types": [
        "SF"
    ],
    "frag_dist_length": 1001,
    "seq_bias_correct": false,
    "gc_bias_correct": false,
    "num_bias_bins": 4096,
    "mapping_type": "mapping",
    "keep_duplicates": false,
    "num_valid_targets": 203027,
    "num_decoy_targets": 0,
    "num_eq_classes": 425358,
    "serialized_eq_classes": false,
    "eq_class_properties": [
        "range_factorized",
        "gzipped"
    ],
    "length_classes": [
        517,
        663,
        1044,
        2304,
        109224
    ],
    "index_seq_hash": "3ab58accda62508d37ad42327fa285cc5575bc6e26ebc354e643cc2345c0fd0b",
    "index_name_hash": "dfcab349987e6e6458573ae800c391836d76f7a1a85de3f2feee1dd2d4de89a7",
    "index_seq_hash512": "421aa4a749e3a8f042890c8f1f976f21aae161c8021a8c2c3e797a762b7614be3f3b8ea36e4e1c7ad982a029e3e55554798dc2eb610889cfd09a844ff911ddc1",
    "index_name_hash512": "57e9529f79f1f3dc41d0202ef27d9b1304d38c4ea1bf1eb36f2441fc8a9cdac77d42308d994fc826f0821d64a1bcada7c16db4524eda5a58b3f7609b08fea11e",
    "index_decoy_seq_hash": "e3b0c44298fc1c149afbf4c8996fb92427ae41e4649b934ca495991b7852b855",
    "index_decoy_name_hash": "e3b0c44298fc1c149afbf4c8996fb92427ae41e4649b934ca495991b7852b855",
    "num_bootstraps": 0,
    "num_processed": 32774770,
    "num_mapped": 19754385,
    "num_decoy_fragments": 0,
    "num_dovetail_fragments": 0,
    "num_fragments_filtered_vm": 409556,
    "num_alignments_below_threshold_for_mapped_fragments_vm": 43034131,
    "percent_mapped": 60.27314608157434,
    "call": "quant",
    "start_time": "Wed May 27 20:04:31 2020",
    "end_time": "Wed May 27 20:06:54 2020"
}