{
    "read_files": "[ fastq/6h_treated_rep1.fastq.gz ]",
    "expected_format": "SF",
    "compatible_fragment_ratio": 1.0,
    "num_compatible_fragments": 14967663,
    "num_assigned_fragments": 14967663,
    "num_frags_with_concordant_consistent_mappings": 14967471,
    "num_frags_with_inconsistent_or_orphan_mappings": 591,
    "strand_mapping_bias": 0.9999605159305193,
    "MSF": 0,
    "OSF": 0,
    "ISF": 0,
    "MSR": 0,
    "OSR": 0,
    "ISR": 0,
    "SF": 14967471,
    "SR": 591,
    "MU": 0,
    "OU": 0,
    "IU": 0,
    "U": 0
}