{
    "read_files": "[ fastq/6h_DMSO_rep1.fastq.gz ]",
    "expected_format": "SF",
    "compatible_fragment_ratio": 1.0,
    "num_compatible_fragments": 13815395,
    "num_assigned_fragments": 13815395,
    "num_frags_with_concordant_consistent_mappings": 13815180,
    "num_frags_with_inconsistent_or_orphan_mappings": 597,
    "strand_mapping_bias": 0.9999567885324148,
    "MSF": 0,
    "OSF": 0,
    "ISF": 0,
    "MSR": 0,
    "OSR": 0,
    "ISR": 0,
    "SF": 13815180,
    "SR": 597,
    "MU": 0,
    "OU": 0,
    "IU": 0,
    "U": 0
}