{
    "read_files": "[ fastq/72h_treated_rep2.fastq.gz ]",
    "expected_format": "SF",
    "compatible_fragment_ratio": 1.0,
    "num_compatible_fragments": 19754385,
    "num_assigned_fragments": 19754385,
    "num_frags_with_concordant_consistent_mappings": 19753996,
    "num_frags_with_inconsistent_or_orphan_mappings": 846,
    "strand_mapping_bias": 0.9999571750561205,
    "MSF": 0,
    "OSF": 0,
    "ISF": 0,
    "MSR": 0,
    "OSR": 0,
    "ISR": 0,
    "SF": 19753996,
    "SR": 846,
    "MU": 0,
    "OU": 0,
    "IU": 0,
    "U": 0
}